{
  "project_info": {
    "project_number": "134196803867",
    "firebase_url": "https://tushariot-d5395-default-rtdb.asia-southeast1.firebasedatabase.app",
    "project_id": "tushariot-d5395",
    "storage_bucket": "tushariot-d5395.firebasestorage.app"
  },
  "client": [
    {
      "client_info": {
        "mobilesdk_app_id": "1:134196803867:android:234dba904afe2bd8eb7bbe",
        "android_client_info": {
          "package_name": "com.example.madlabproject2"
        }
      },
      "oauth_client": [],
      "api_key": [
        {
          "current_key": "AIzaSyDZvR6JOtnPOPVfwdikcgycVr2jiF7lmek"
        }
      ],
      "services": {
        "appinvite_service": {
          "other_platform_oauth_client": []
        }
      }
    }
  ],
  "configuration_version": "1"
}